prompt_id,model,pair,bleu,bertscore_f1
f_01,nim-llama,base vs topic_fronted,7.722154365246895,85.70063710212708
f_01,nim-llama,base vs emphasis_shift,5.05383810570086,89.48418498039246
f_01,nim-llama,topic_fronted vs emphasis_shift,12.881996301797725,87.16654181480408
f_01,nim-mistral,base vs topic_fronted,5.597186441851649,89.7071361541748
f_01,nim-mistral,base vs emphasis_shift,83.94327083733333,99.51729774475098
f_01,nim-mistral,topic_fronted vs emphasis_shift,1.6869189933899544,89.99842405319214
f_01,nim-qwen,base vs topic_fronted,1.4780822562194806,75.54373145103455
f_01,nim-qwen,base vs emphasis_shift,1.6813911775965142,75.72106719017029
f_01,nim-qwen,topic_fronted vs emphasis_shift,6.038889664964508,84.6174955368042
f_02,nim-llama,base vs topic_fronted,14.559085605055495,87.68577575683594
f_02,nim-llama,base vs emphasis_shift,8.911430357150644,85.69140434265137
f_02,nim-llama,topic_fronted vs emphasis_shift,6.333813730376206,85.90497970581055
f_02,nim-mistral,base vs topic_fronted,3.7870742481546884,83.72113108634949
f_02,nim-mistral,base vs emphasis_shift,4.196186051125682,81.76450729370117
f_02,nim-mistral,topic_fronted vs emphasis_shift,4.667843223512549,81.31242394447327
f_02,nim-qwen,base vs topic_fronted,1.428863122599609,74.01881814002991
f_02,nim-qwen,base vs emphasis_shift,10.685825403973347,84.32389497756958
f_02,nim-qwen,topic_fronted vs emphasis_shift,1.1745846426822377,76.03802680969238
f_03,nim-llama,base vs topic_fronted,3.7584251004669165,79.86373901367188
f_03,nim-llama,base vs emphasis_shift,19.19381545244837,87.35154867172241
f_03,nim-llama,topic_fronted vs emphasis_shift,1.6246666379698904,80.28060793876648
f_03,nim-mistral,base vs topic_fronted,5.429582722028727,86.14757657051086
f_03,nim-mistral,base vs emphasis_shift,8.306443472649887,87.7892017364502
f_03,nim-mistral,topic_fronted vs emphasis_shift,9.14479354445152,88.09415102005005
f_03,nim-qwen,base vs topic_fronted,0.0,91.77139401435852
f_03,nim-qwen,base vs emphasis_shift,0.0,80.13408780097961
f_03,nim-qwen,topic_fronted vs emphasis_shift,0.0,77.94009447097778
f_04,nim-llama,base vs topic_fronted,6.6562139406467455,83.3395004272461
f_04,nim-llama,base vs emphasis_shift,2.482548444638528,82.47577548027039
f_04,nim-llama,topic_fronted vs emphasis_shift,2.934829034173255,80.72277903556824
f_04,nim-mistral,base vs topic_fronted,4.255176322482377,84.6024215221405
f_04,nim-mistral,base vs emphasis_shift,4.734714161758224,87.39104270935059
f_04,nim-mistral,topic_fronted vs emphasis_shift,13.359970583072984,87.09866404533386
f_04,nim-qwen,base vs topic_fronted,1.7610526631325703,81.08705282211304
f_04,nim-qwen,base vs emphasis_shift,5.407796864803927,76.36818289756775
f_04,nim-qwen,topic_fronted vs emphasis_shift,2.271040399044299,72.9139506816864
f_05,nim-llama,base vs topic_fronted,12.395712397031557,85.46620607376099
f_05,nim-llama,base vs emphasis_shift,0.7215515188576963,80.35958409309387
f_05,nim-llama,topic_fronted vs emphasis_shift,0.9739926728499042,79.64963912963867
f_05,nim-mistral,base vs topic_fronted,17.835964633926064,88.40681314468384
f_05,nim-mistral,base vs emphasis_shift,27.922439400033987,88.32583427429199
f_05,nim-mistral,topic_fronted vs emphasis_shift,14.204503879808453,85.0824773311615
f_05,nim-qwen,base vs topic_fronted,0.0,76.51958465576172
f_05,nim-qwen,base vs emphasis_shift,0.0,73.51570725440979
f_05,nim-qwen,topic_fronted vs emphasis_shift,0.0,72.55869507789612
f_06,nim-llama,base vs topic_fronted,10.389889377420037,90.4220700263977
f_06,nim-llama,base vs emphasis_shift,4.343737891358309,86.31163835525513
f_06,nim-llama,topic_fronted vs emphasis_shift,4.39841422268448,85.46790480613708
f_06,nim-mistral,base vs topic_fronted,11.516466761452083,86.25479936599731
f_06,nim-mistral,base vs emphasis_shift,5.415429041735765,85.07643938064575
f_06,nim-mistral,topic_fronted vs emphasis_shift,6.035585072291773,84.40371751785278
f_06,nim-qwen,base vs topic_fronted,4.805604917613317,87.09260821342468
f_06,nim-qwen,base vs emphasis_shift,2.395618455998467,82.23326206207275
f_06,nim-qwen,topic_fronted vs emphasis_shift,7.553899589050351,85.14487743377686
f_07,nim-llama,base vs topic_fronted,0.15820817091682451,75.48534870147705
f_07,nim-llama,base vs emphasis_shift,0.38601674167013716,73.58964085578918
f_07,nim-llama,topic_fronted vs emphasis_shift,3.357041136813362,83.93713235855103
f_07,nim-mistral,base vs topic_fronted,1.6088167375304447,80.98095655441284
f_07,nim-mistral,base vs emphasis_shift,10.571502833916998,81.27689957618713
f_07,nim-mistral,topic_fronted vs emphasis_shift,7.829012033854582,82.71939754486084
f_07,nim-qwen,base vs topic_fronted,1.0992330671486832,77.1234929561615
f_07,nim-qwen,base vs emphasis_shift,0.6371624499564389,75.04972219467163
f_07,nim-qwen,topic_fronted vs emphasis_shift,0.7577181189007623,75.2759337425232
f_08,nim-llama,base vs topic_fronted,2.9025207558830606,85.14653444290161
f_08,nim-llama,base vs emphasis_shift,25.827066150940766,92.62284636497498
f_08,nim-llama,topic_fronted vs emphasis_shift,6.211358076114527,86.4560067653656
f_08,nim-mistral,base vs topic_fronted,9.947958666853157,87.25708723068237
f_08,nim-mistral,base vs emphasis_shift,2.570347272979628,84.47169661521912
f_08,nim-mistral,topic_fronted vs emphasis_shift,2.459966969969846,82.69626498222351
f_08,nim-qwen,base vs topic_fronted,0.0,75.06042718887329
f_08,nim-qwen,base vs emphasis_shift,27.8663011422187,93.23177337646484
f_08,nim-qwen,topic_fronted vs emphasis_shift,0.0,75.07601976394653
f_09,nim-llama,base vs topic_fronted,1.7069184973428917,82.42810368537903
f_09,nim-llama,base vs emphasis_shift,1.8479794625143722,71.96551561355591
f_09,nim-llama,topic_fronted vs emphasis_shift,0.8738555351415831,74.08055663108826
f_09,nim-mistral,base vs topic_fronted,5.328369932374957,85.08376479148865
f_09,nim-mistral,base vs emphasis_shift,29.909599618801444,89.68725800514221
f_09,nim-mistral,topic_fronted vs emphasis_shift,3.0606374632336983,84.68511700630188
f_09,nim-qwen,base vs topic_fronted,4.134879345344957,78.23570370674133
f_09,nim-qwen,base vs emphasis_shift,0.4917943403626452,69.23832893371582
f_09,nim-qwen,topic_fronted vs emphasis_shift,0.4917943403626452,71.93391919136047
f_10,nim-llama,base vs topic_fronted,18.989064745388188,88.57137560844421
f_10,nim-llama,base vs emphasis_shift,44.62006350206436,94.10326480865479
f_10,nim-llama,topic_fronted vs emphasis_shift,2.5019203752146324,86.01001501083374
f_10,nim-mistral,base vs topic_fronted,11.675193218312138,86.37948632240295
f_10,nim-mistral,base vs emphasis_shift,9.286803553046948,83.22703242301941
f_10,nim-mistral,topic_fronted vs emphasis_shift,29.401120148369642,87.8039538860321
f_10,nim-qwen,base vs topic_fronted,0.0,77.293860912323
f_10,nim-qwen,base vs emphasis_shift,0.0,76.20512247085571
f_10,nim-qwen,topic_fronted vs emphasis_shift,0.0,87.83771395683289
f_11,nim-llama,base vs topic_fronted,4.187959153642702,82.67842531204224
f_11,nim-llama,base vs emphasis_shift,10.56328518978839,82.29597806930542
f_11,nim-llama,topic_fronted vs emphasis_shift,2.289257215484607,79.01221513748169
f_11,nim-mistral,base vs topic_fronted,6.370587300593267,87.20846176147461
f_11,nim-mistral,base vs emphasis_shift,18.562213334962042,88.36864829063416
f_11,nim-mistral,topic_fronted vs emphasis_shift,3.000722741851318,84.12463665008545
f_11,nim-qwen,base vs topic_fronted,0.6519556472039479,73.32426309585571
f_11,nim-qwen,base vs emphasis_shift,0.0,74.74967837333679
f_11,nim-qwen,topic_fronted vs emphasis_shift,0.0,72.57192730903625
f_12,nim-llama,base vs topic_fronted,10.494482315179463,84.25962328910828
f_12,nim-llama,base vs emphasis_shift,17.96461983633445,85.6926441192627
f_12,nim-llama,topic_fronted vs emphasis_shift,3.0538322654515895,80.62840700149536
f_12,nim-mistral,base vs topic_fronted,4.482345050408105,81.8688690662384
f_12,nim-mistral,base vs emphasis_shift,20.803879753942716,86.51028871536255
f_12,nim-mistral,topic_fronted vs emphasis_shift,7.613642498603121,84.40425992012024
f_12,nim-qwen,base vs topic_fronted,2.9451298310991776,80.2724838256836
f_12,nim-qwen,base vs emphasis_shift,3.4112367594987916,82.08231925964355
f_12,nim-qwen,topic_fronted vs emphasis_shift,14.246413178317509,86.83502674102783
f_13,nim-llama,base vs topic_fronted,2.195637289233759,75.83974599838257
f_13,nim-llama,base vs emphasis_shift,8.87345622738831,82.93695449829102
f_13,nim-llama,topic_fronted vs emphasis_shift,2.1058466792450905,78.27997207641602
f_13,nim-mistral,base vs topic_fronted,1.6083245782474873,78.60786318778992
f_13,nim-mistral,base vs emphasis_shift,0.6723351904361125,84.16128158569336
f_13,nim-mistral,topic_fronted vs emphasis_shift,0.15358797810308195,81.14467263221741
f_13,nim-qwen,base vs topic_fronted,11.619943244035987,85.76260209083557
f_13,nim-qwen,base vs emphasis_shift,0.8597475347333055,77.94119119644165
f_13,nim-qwen,topic_fronted vs emphasis_shift,0.8272451731153891,78.17338109016418
f_14,nim-llama,base vs topic_fronted,5.4742566981492935,81.17728233337402
f_14,nim-llama,base vs emphasis_shift,8.181796682771834,78.7233829498291
f_14,nim-llama,topic_fronted vs emphasis_shift,1.0961828010985772,74.23741817474365
f_14,nim-mistral,base vs topic_fronted,1.9914520299183198,82.34925866127014
f_14,nim-mistral,base vs emphasis_shift,2.223858972556838,84.64159965515137
f_14,nim-mistral,topic_fronted vs emphasis_shift,1.8627684123939159,81.7836582660675
f_14,nim-qwen,base vs topic_fronted,4.665413064524753,83.55001211166382
f_14,nim-qwen,base vs emphasis_shift,10.264845834243662,86.87132596969604
f_14,nim-qwen,topic_fronted vs emphasis_shift,1.1805073482062243,79.68820929527283
f_15,nim-llama,base vs topic_fronted,4.737503727571159,83.26264023780823
f_15,nim-llama,base vs emphasis_shift,3.804006018007904,82.7941358089447
f_15,nim-llama,topic_fronted vs emphasis_shift,1.5126073190876959,79.5919120311737
f_15,nim-mistral,base vs topic_fronted,5.336715977814139,85.31354665756226
f_15,nim-mistral,base vs emphasis_shift,2.8726997553888443,82.76739716529846
f_15,nim-mistral,topic_fronted vs emphasis_shift,2.2485260332357333,82.2885811328888
f_15,nim-qwen,base vs topic_fronted,3.8100339513031853,81.7246675491333
f_15,nim-qwen,base vs emphasis_shift,1.0134961585174012,76.27702355384827
f_15,nim-qwen,topic_fronted vs emphasis_shift,0.8522452865706931,77.08036303520203
f_16,nim-llama,base vs topic_fronted,6.0742159104784985,80.47696352005005
f_16,nim-llama,base vs emphasis_shift,1.133971312999811,74.94497299194336
f_16,nim-llama,topic_fronted vs emphasis_shift,4.0557579017053085,74.87990856170654
f_16,nim-mistral,base vs topic_fronted,19.7795045430676,89.06076550483704
f_16,nim-mistral,base vs emphasis_shift,6.226417634836681,85.8137845993042
f_16,nim-mistral,topic_fronted vs emphasis_shift,6.05873677836085,86.18513941764832
f_16,nim-qwen,base vs topic_fronted,0.0,79.44858074188232
f_16,nim-qwen,base vs emphasis_shift,0.4877178495671594,74.26115870475769
f_16,nim-qwen,topic_fronted vs emphasis_shift,0.0,73.32280278205872
f_17,nim-llama,base vs topic_fronted,5.060454076656145,82.2572112083435
f_17,nim-llama,base vs emphasis_shift,5.314938483442241,83.41082334518433
f_17,nim-llama,topic_fronted vs emphasis_shift,1.7037435441034274,82.84808993339539
f_17,nim-mistral,base vs topic_fronted,1.618156097227942,76.79105997085571
f_17,nim-mistral,base vs emphasis_shift,11.67901270794454,87.82632350921631
f_17,nim-mistral,topic_fronted vs emphasis_shift,8.165820613168796,76.9418716430664
f_17,nim-qwen,base vs topic_fronted,8.80092080393131,82.63028860092163
f_17,nim-qwen,base vs emphasis_shift,3.0705081238410052,82.39717483520508
f_17,nim-qwen,topic_fronted vs emphasis_shift,2.059181229713454,82.18773007392883
f_18,nim-llama,base vs topic_fronted,2.282875333805958,80.38829565048218
f_18,nim-llama,base vs emphasis_shift,5.423628289881728,85.78041195869446
f_18,nim-llama,topic_fronted vs emphasis_shift,1.211033800737062,80.01381158828735
f_18,nim-mistral,base vs topic_fronted,4.76965120881541,85.46119332313538
f_18,nim-mistral,base vs emphasis_shift,9.369232676207384,82.91457891464233
f_18,nim-mistral,topic_fronted vs emphasis_shift,6.856396964498195,83.33544135093689
f_18,nim-qwen,base vs topic_fronted,0.38875217429006587,68.86466145515442
f_18,nim-qwen,base vs emphasis_shift,23.547226364853774,86.35148406028748
f_18,nim-qwen,topic_fronted vs emphasis_shift,0.4285889246676481,70.28862237930298
f_19,nim-llama,base vs topic_fronted,7.557687264098214,79.78286147117615
f_19,nim-llama,base vs emphasis_shift,17.094421144706793,85.32934188842773
f_19,nim-llama,topic_fronted vs emphasis_shift,4.465491856649092,82.05843567848206
f_19,nim-mistral,base vs topic_fronted,5.479737706853844,83.9505672454834
f_19,nim-mistral,base vs emphasis_shift,0.7729827463487035,79.74260449409485
f_19,nim-mistral,topic_fronted vs emphasis_shift,2.7523233024062588,81.18933439254761
f_19,nim-qwen,base vs topic_fronted,0.6811358988734545,71.55682444572449
f_19,nim-qwen,base vs emphasis_shift,7.755220807963585,81.20671510696411
f_19,nim-qwen,topic_fronted vs emphasis_shift,1.4468894074073158,72.98671007156372
f_20,nim-llama,base vs topic_fronted,0.3350317874355949,74.39386248588562
f_20,nim-llama,base vs emphasis_shift,0.8109790866406474,76.00942254066467
f_20,nim-llama,topic_fronted vs emphasis_shift,11.144402302404751,83.40189456939697
f_20,nim-mistral,base vs topic_fronted,16.7189571029907,86.67121529579163
f_20,nim-mistral,base vs emphasis_shift,16.12557861380638,90.9995436668396
f_20,nim-mistral,topic_fronted vs emphasis_shift,5.708407870578911,86.82685494422913
f_20,nim-qwen,base vs topic_fronted,0.6959088395919814,73.27746152877808
f_20,nim-qwen,base vs emphasis_shift,0.0,77.72849202156067
f_20,nim-qwen,topic_fronted vs emphasis_shift,0.0,73.13083410263062
f_21,nim-llama,base vs topic_fronted,4.9934431946726106,76.61082744598389
f_21,nim-llama,base vs emphasis_shift,2.056723858187049,80.01576662063599
f_21,nim-llama,topic_fronted vs emphasis_shift,2.862386062232283,76.51408910751343
f_21,nim-mistral,base vs topic_fronted,7.533980062365561,81.70490264892578
f_21,nim-mistral,base vs emphasis_shift,20.858766295143774,87.99859881401062
f_21,nim-mistral,topic_fronted vs emphasis_shift,10.260931712946451,84.63212847709656
f_21,nim-qwen,base vs topic_fronted,2.1866499994485276,80.38154244422913
f_21,nim-qwen,base vs emphasis_shift,6.432628390735651,81.48996233940125
f_21,nim-qwen,topic_fronted vs emphasis_shift,2.2881869083863555,81.34158849716187
c_01,nim-llama,base vs topic_fronted,7.940578137109049,78.79713773727417
c_01,nim-llama,base vs emphasis_shift,8.829529070851123,79.58449721336365
c_01,nim-llama,topic_fronted vs emphasis_shift,4.346129963581034,78.49746346473694
c_01,nim-mistral,base vs topic_fronted,11.026325132256808,83.6236834526062
c_01,nim-mistral,base vs emphasis_shift,5.298896028703796,80.3729772567749
c_01,nim-mistral,topic_fronted vs emphasis_shift,6.2218831697017025,80.9445321559906
c_01,nim-qwen,base vs topic_fronted,0.0,69.17131543159485
c_01,nim-qwen,base vs emphasis_shift,1.4676508903336365,79.76844310760498
c_01,nim-qwen,topic_fronted vs emphasis_shift,0.0,69.21879053115845
c_02,nim-llama,base vs topic_fronted,2.4247495522865177,74.14070963859558
c_02,nim-llama,base vs emphasis_shift,2.365591558643149,76.67829394340515
c_02,nim-llama,topic_fronted vs emphasis_shift,3.7951653555816423,79.67533469200134
c_02,nim-mistral,base vs topic_fronted,5.4434125780529,80.49304485321045
c_02,nim-mistral,base vs emphasis_shift,8.380402858525965,79.5457661151886
c_02,nim-mistral,topic_fronted vs emphasis_shift,5.69586454784336,79.1721761226654
c_02,nim-qwen,base vs topic_fronted,0.17825453541509506,61.04356646537781
c_02,nim-qwen,base vs emphasis_shift,0.0,66.60794019699097
c_02,nim-qwen,topic_fronted vs emphasis_shift,0.0,57.299500703811646
c_03,nim-llama,base vs topic_fronted,0.8983571192476499,74.44561719894409
c_03,nim-llama,base vs emphasis_shift,2.0227523836214845,70.74641585350037
c_03,nim-llama,topic_fronted vs emphasis_shift,2.103200458070907,72.8784441947937
c_03,nim-mistral,base vs topic_fronted,5.132937508340469,80.23491501808167
c_03,nim-mistral,base vs emphasis_shift,8.050502850891615,80.88529706001282
c_03,nim-mistral,topic_fronted vs emphasis_shift,7.679214835784522,78.99805903434753
c_03,nim-qwen,base vs topic_fronted,0.0,72.8941798210144
c_03,nim-qwen,base vs emphasis_shift,0.0,78.4221887588501
c_03,nim-qwen,topic_fronted vs emphasis_shift,0.0,67.92365312576294
c_04,nim-llama,base vs topic_fronted,16.489024932098186,81.8513572216034
c_04,nim-llama,base vs emphasis_shift,5.150714337060536,78.46766114234924
c_04,nim-llama,topic_fronted vs emphasis_shift,3.448742741840712,77.1396815776825
c_04,nim-mistral,base vs topic_fronted,5.276894680708372,83.78170132637024
c_04,nim-mistral,base vs emphasis_shift,4.929703640153454,82.05698728561401
c_04,nim-mistral,topic_fronted vs emphasis_shift,5.314427234465087,82.38767385482788
c_04,nim-qwen,base vs topic_fronted,3.1816196369096432,69.24743056297302
c_04,nim-qwen,base vs emphasis_shift,0.0,60.56771278381348
c_04,nim-qwen,topic_fronted vs emphasis_shift,0.0,70.77615261077881
c_05,nim-llama,base vs topic_fronted,4.338644274296684,75.51785707473755
c_05,nim-llama,base vs emphasis_shift,1.1897816433923023,75.19481182098389
c_05,nim-llama,topic_fronted vs emphasis_shift,3.4661348371439233,76.71680450439453
c_05,nim-mistral,base vs topic_fronted,23.528549687885924,86.31455302238464
c_05,nim-mistral,base vs emphasis_shift,13.552032968532206,84.39215421676636
c_05,nim-mistral,topic_fronted vs emphasis_shift,18.965579583003397,84.2810869216919
c_05,nim-qwen,base vs topic_fronted,0.0,57.42782950401306
c_05,nim-qwen,base vs emphasis_shift,0.0,81.98156356811523
c_05,nim-qwen,topic_fronted vs emphasis_shift,0.0,57.69600868225098
c_06,nim-llama,base vs topic_fronted,8.536954071293929,77.45110392570496
c_06,nim-llama,base vs emphasis_shift,5.778944792563487,79.23922538757324
c_06,nim-llama,topic_fronted vs emphasis_shift,3.839419701597786,76.49973034858704
c_06,nim-mistral,base vs topic_fronted,2.9607555401651178,80.47842979431152
c_06,nim-mistral,base vs emphasis_shift,3.779266687107898,78.63959074020386
c_06,nim-mistral,topic_fronted vs emphasis_shift,2.9553273178723485,77.67024040222168
c_06,nim-qwen,base vs topic_fronted,0.0,71.00796103477478
c_06,nim-qwen,base vs emphasis_shift,3.1721549008633216,80.35915493965149
c_06,nim-qwen,topic_fronted vs emphasis_shift,0.0,69.56165432929993
c_07,nim-llama,base vs topic_fronted,7.418533036839287,77.74035930633545
c_07,nim-llama,base vs emphasis_shift,7.261015341077471,78.82472276687622
c_07,nim-llama,topic_fronted vs emphasis_shift,5.318794966856483,78.2761812210083
c_07,nim-mistral,base vs topic_fronted,4.135720200059161,79.28677201271057
c_07,nim-mistral,base vs emphasis_shift,4.425130793695962,80.4003894329071
c_07,nim-mistral,topic_fronted vs emphasis_shift,6.854108416793551,79.63423132896423
c_07,nim-qwen,base vs topic_fronted,6.67579680794594,80.73399662971497
c_07,nim-qwen,base vs emphasis_shift,7.679183521535153,79.77682948112488
c_07,nim-qwen,topic_fronted vs emphasis_shift,7.500981489125035,81.21546506881714
c_08,nim-llama,base vs topic_fronted,4.477910203696953,77.08455324172974
c_08,nim-llama,base vs emphasis_shift,3.5047337617406913,73.98743033409119
c_08,nim-llama,topic_fronted vs emphasis_shift,1.3769378812016808,72.9296624660492
c_08,nim-mistral,base vs topic_fronted,7.042208319610691,82.56242871284485
c_08,nim-mistral,base vs emphasis_shift,4.416767536129268,79.94269132614136
c_08,nim-mistral,topic_fronted vs emphasis_shift,4.184761491705091,81.04035258293152
c_08,nim-qwen,base vs topic_fronted,1.04329909621433,67.89762377738953
c_08,nim-qwen,base vs emphasis_shift,0.0,63.37360143661499
c_08,nim-qwen,topic_fronted vs emphasis_shift,0.0,72.67357110977173
c_09,nim-llama,base vs topic_fronted,3.6064622402861115,77.84268856048584
c_09,nim-llama,base vs emphasis_shift,3.3959279219488874,77.25282907485962
c_09,nim-llama,topic_fronted vs emphasis_shift,5.87721127022533,78.67925763130188
c_09,nim-mistral,base vs topic_fronted,8.29422290237296,84.21721458435059
c_09,nim-mistral,base vs emphasis_shift,9.905265480651854,82.83733129501343
c_09,nim-mistral,topic_fronted vs emphasis_shift,12.328936567735756,84.13726091384888
c_09,nim-qwen,base vs topic_fronted,0.0,60.47919988632202
c_09,nim-qwen,base vs emphasis_shift,0.0,73.64375591278076
c_09,nim-qwen,topic_fronted vs emphasis_shift,0.1634000384676695,63.411980867385864
c_10,nim-llama,base vs topic_fronted,2.4595535092816023,78.34495902061462
c_10,nim-llama,base vs emphasis_shift,2.402891943668884,78.32738161087036
c_10,nim-llama,topic_fronted vs emphasis_shift,2.15160656022623,77.27015614509583
c_10,nim-mistral,base vs topic_fronted,3.1303937666835413,79.77678775787354
c_10,nim-mistral,base vs emphasis_shift,9.722388108697077,82.77360796928406
c_10,nim-mistral,topic_fronted vs emphasis_shift,1.6774615469127232,80.07082939147949
c_10,nim-qwen,base vs topic_fronted,0.21801701063236417,70.51185369491577
c_10,nim-qwen,base vs emphasis_shift,0.0,70.83513140678406
c_10,nim-qwen,topic_fronted vs emphasis_shift,0.0,71.71727418899536
c_11,nim-llama,base vs topic_fronted,6.4471805499775385,78.18670272827148
c_11,nim-llama,base vs emphasis_shift,2.0406120858337324,78.40509414672852
c_11,nim-llama,topic_fronted vs emphasis_shift,4.4717537183807385,78.49645614624023
c_11,nim-mistral,base vs topic_fronted,4.160007590389339,81.18144273757935
c_11,nim-mistral,base vs emphasis_shift,3.042766918846436,81.89568519592285
c_11,nim-mistral,topic_fronted vs emphasis_shift,2.555561852586929,80.4397463798523
c_11,nim-qwen,base vs topic_fronted,0.177455200010262,61.933332681655884
c_11,nim-qwen,base vs emphasis_shift,0.17855342553747283,60.769134759902954
c_11,nim-qwen,topic_fronted vs emphasis_shift,3.4418754948263337,80.0809383392334
c_12,nim-llama,base vs topic_fronted,6.7327321174761625,79.33975458145142
c_12,nim-llama,base vs emphasis_shift,3.812762594102244,79.86096739768982
c_12,nim-llama,topic_fronted vs emphasis_shift,6.336319939154604,79.09435629844666
c_12,nim-mistral,base vs topic_fronted,3.3519133870569373,82.27216601371765
c_12,nim-mistral,base vs emphasis_shift,3.8350867929840433,82.64910578727722
c_12,nim-mistral,topic_fronted vs emphasis_shift,13.688182504219949,85.44923663139343
c_12,nim-qwen,base vs topic_fronted,4.029922663836513,73.6548364162445
c_12,nim-qwen,base vs emphasis_shift,0.0,57.45589733123779
c_12,nim-qwen,topic_fronted vs emphasis_shift,0.0,60.98349690437317
c_13,nim-llama,base vs topic_fronted,9.12776953889333,78.15441489219666
c_13,nim-llama,base vs emphasis_shift,10.84660608981634,80.69654703140259
c_13,nim-llama,topic_fronted vs emphasis_shift,6.3093574648555855,79.3664276599884
c_13,nim-mistral,base vs topic_fronted,7.478496232030119,81.29413723945618
c_13,nim-mistral,base vs emphasis_shift,5.709284689703807,81.94851875305176
c_13,nim-mistral,topic_fronted vs emphasis_shift,9.842417434698874,82.94181227684021
c_13,nim-qwen,base vs topic_fronted,1.59853427216287,81.65029287338257
c_13,nim-qwen,base vs emphasis_shift,0.0,70.3104019165039
c_13,nim-qwen,topic_fronted vs emphasis_shift,0.0,69.34590339660645
c_14,nim-llama,base vs topic_fronted,9.430775836536489,76.69268846511841
c_14,nim-llama,base vs emphasis_shift,9.75755169082147,80.40392398834229
c_14,nim-llama,topic_fronted vs emphasis_shift,10.74374993965826,78.75478267669678
c_14,nim-mistral,base vs topic_fronted,3.416581337921434,82.78619647026062
c_14,nim-mistral,base vs emphasis_shift,10.477664138351765,82.50507712364197
c_14,nim-mistral,topic_fronted vs emphasis_shift,7.176327140377088,81.91108107566833
c_14,nim-qwen,base vs topic_fronted,0.0,59.31529402732849
c_14,nim-qwen,base vs emphasis_shift,0.0,73.03138375282288
c_14,nim-qwen,topic_fronted vs emphasis_shift,0.19891673083512065,61.489272117614746
c_15,nim-llama,base vs topic_fronted,2.207642084388782,74.27199482917786
c_15,nim-llama,base vs emphasis_shift,1.7917033836419725,72.99399375915527
c_15,nim-llama,topic_fronted vs emphasis_shift,3.3178762384308853,75.6164014339447
c_15,nim-mistral,base vs topic_fronted,1.7484041975907805,81.40370845794678
c_15,nim-mistral,base vs emphasis_shift,1.2905186077487218,78.55218052864075
c_15,nim-mistral,topic_fronted vs emphasis_shift,2.6280772773490346,79.03491258621216
c_15,nim-qwen,base vs topic_fronted,0.0,69.20233368873596
c_15,nim-qwen,base vs emphasis_shift,0.0,81.70440196990967
c_15,nim-qwen,topic_fronted vs emphasis_shift,0.0,69.57071423530579
c_16,nim-llama,base vs topic_fronted,2.4072703619207734,76.33841633796692
c_16,nim-llama,base vs emphasis_shift,3.150292683578963,78.16848158836365
c_16,nim-llama,topic_fronted vs emphasis_shift,2.1831133094150323,78.19783687591553
c_16,nim-mistral,base vs topic_fronted,4.202458686854325,81.82103633880615
c_16,nim-mistral,base vs emphasis_shift,1.5002184520083532,80.4304838180542
c_16,nim-mistral,topic_fronted vs emphasis_shift,2.0213972796367843,80.45288920402527
c_16,nim-qwen,base vs topic_fronted,0.4627440198268221,67.57799983024597
c_16,nim-qwen,base vs emphasis_shift,0.0,68.22707653045654
c_16,nim-qwen,topic_fronted vs emphasis_shift,0.0,63.46221566200256
c_17,nim-llama,base vs topic_fronted,4.474336377819419,79.09095883369446
c_17,nim-llama,base vs emphasis_shift,3.264188443697068,80.16534447669983
c_17,nim-llama,topic_fronted vs emphasis_shift,1.5263509627096719,75.76121091842651
c_17,nim-mistral,base vs topic_fronted,2.9230666702415204,81.01499080657959
c_17,nim-mistral,base vs emphasis_shift,2.294502862401292,78.72541546821594
c_17,nim-mistral,topic_fronted vs emphasis_shift,2.6597219692882685,80.33296465873718
c_17,nim-qwen,base vs topic_fronted,0.08448901430010865,60.56848168373108
c_17,nim-qwen,base vs emphasis_shift,0.0,56.1848521232605
c_17,nim-qwen,topic_fronted vs emphasis_shift,0.0,69.76051926612854
c_18,nim-llama,base vs topic_fronted,7.886136650501746,80.68848848342896
c_18,nim-llama,base vs emphasis_shift,12.368962675853394,80.31243085861206
c_18,nim-llama,topic_fronted vs emphasis_shift,5.948598105212698,79.95955348014832
c_18,nim-mistral,base vs topic_fronted,1.5345094477648646,79.28367853164673
c_18,nim-mistral,base vs emphasis_shift,2.8541806624484654,80.00462651252747
c_18,nim-mistral,topic_fronted vs emphasis_shift,2.679801248104824,79.43309545516968
c_18,nim-qwen,base vs topic_fronted,2.9011951797825213,76.83781385421753
c_18,nim-qwen,base vs emphasis_shift,0.0,58.02737474441528
c_18,nim-qwen,topic_fronted vs emphasis_shift,0.0,60.72303652763367
c_19,nim-llama,base vs topic_fronted,5.631253089635925,79.29417490959167
c_19,nim-llama,base vs emphasis_shift,2.9302715295206134,77.25126147270203
c_19,nim-llama,topic_fronted vs emphasis_shift,5.249478943707234,78.88486981391907
c_19,nim-mistral,base vs topic_fronted,4.810889178925772,78.88497114181519
c_19,nim-mistral,base vs emphasis_shift,6.687660782494025,80.4938793182373
c_19,nim-mistral,topic_fronted vs emphasis_shift,5.99327443865389,79.30088639259338
c_19,nim-qwen,base vs topic_fronted,0.10046588005243993,66.15999341011047
c_19,nim-qwen,base vs emphasis_shift,3.144214756557908,80.15539646148682
c_19,nim-qwen,topic_fronted vs emphasis_shift,0.033202030404972355,65.31416177749634
c_20,nim-llama,base vs topic_fronted,1.779564515085755,77.40821838378906
c_20,nim-llama,base vs emphasis_shift,10.176371057552931,78.39553356170654
c_20,nim-llama,topic_fronted vs emphasis_shift,3.199668442065398,76.53061151504517
c_20,nim-mistral,base vs topic_fronted,8.891407550603672,82.50451683998108
c_20,nim-mistral,base vs emphasis_shift,7.952318774545997,80.93681931495667
c_20,nim-mistral,topic_fronted vs emphasis_shift,2.9263529383827516,79.31795120239258
c_20,nim-qwen,base vs topic_fronted,4.04516268683076,76.85241103172302
c_20,nim-qwen,base vs emphasis_shift,2.930892268726014,78.69769334793091
c_20,nim-qwen,topic_fronted vs emphasis_shift,2.1559977357332727,78.76952290534973
c_21,nim-llama,base vs topic_fronted,7.5577261056419776,81.11658692359924
c_21,nim-llama,base vs emphasis_shift,2.002677619456277,74.78113770484924
c_21,nim-llama,topic_fronted vs emphasis_shift,1.9477574518623841,75.55634379386902
c_21,nim-mistral,base vs topic_fronted,14.388860594817622,82.55141377449036
c_21,nim-mistral,base vs emphasis_shift,2.650645509168269,80.61575293540955
c_21,nim-mistral,topic_fronted vs emphasis_shift,6.172021401344223,80.07677793502808
c_21,nim-qwen,base vs topic_fronted,0.0,76.59512758255005
c_21,nim-qwen,base vs emphasis_shift,0.0,71.77841663360596
c_21,nim-qwen,topic_fronted vs emphasis_shift,0.19748619180731536,67.84548163414001
c_22,nim-llama,base vs topic_fronted,5.631861732286553,79.26668524742126
c_22,nim-llama,base vs emphasis_shift,3.766242972773945,76.0546326637268
c_22,nim-llama,topic_fronted vs emphasis_shift,3.2987782391398066,76.5248715877533
c_22,nim-mistral,base vs topic_fronted,7.65784515007528,80.54821491241455
c_22,nim-mistral,base vs emphasis_shift,6.545600103488843,80.80253005027771
c_22,nim-mistral,topic_fronted vs emphasis_shift,8.442867331885825,80.6240439414978
c_22,nim-qwen,base vs topic_fronted,2.6427227811840677,76.51318311691284
c_22,nim-qwen,base vs emphasis_shift,0.0,68.34794282913208
c_22,nim-qwen,topic_fronted vs emphasis_shift,0.0,70.81052660942078
c_23,nim-llama,base vs topic_fronted,3.56629279279239,78.1853199005127
c_23,nim-llama,base vs emphasis_shift,5.655723908508203,77.95741558074951
c_23,nim-llama,topic_fronted vs emphasis_shift,1.2200463780334783,74.9769389629364
c_23,nim-mistral,base vs topic_fronted,0.7575505347465787,79.1895866394043
c_23,nim-mistral,base vs emphasis_shift,4.609880932043097,80.70756793022156
c_23,nim-mistral,topic_fronted vs emphasis_shift,2.1763536341206167,76.98139548301697
c_23,nim-qwen,base vs topic_fronted,0.17989125373381307,66.94806218147278
c_23,nim-qwen,base vs emphasis_shift,0.3541404808197168,67.9231584072113
c_23,nim-qwen,topic_fronted vs emphasis_shift,4.983632003602191,80.25509715080261
b_01,nim-llama,base vs topic_fronted,8.801595853025779,65.70796370506287
b_01,nim-llama,base vs emphasis_shift,2.968633533924158,67.43534207344055
b_01,nim-llama,topic_fronted vs emphasis_shift,5.571174149500173,75.20250082015991
b_01,nim-mistral,base vs topic_fronted,8.496377647091126,85.36478877067566
b_01,nim-mistral,base vs emphasis_shift,3.544953676392174,85.5817198753357
b_01,nim-mistral,topic_fronted vs emphasis_shift,3.666792847535538,84.39252972602844
b_01,nim-qwen,base vs topic_fronted,9.142879118811633,84.20357704162598
b_01,nim-qwen,base vs emphasis_shift,6.642828136613084,84.07618403434753
b_01,nim-qwen,topic_fronted vs emphasis_shift,22.464766275854476,87.46915459632874
b_02,nim-llama,base vs topic_fronted,20.757723179921992,80.27650117874146
b_02,nim-llama,base vs emphasis_shift,22.033839705971904,80.22667169570923
b_02,nim-llama,topic_fronted vs emphasis_shift,22.893573695357162,79.87841367721558
b_02,nim-mistral,base vs topic_fronted,8.670959440351151,85.2041244506836
b_02,nim-mistral,base vs emphasis_shift,10.345044081934338,85.46470403671265
b_02,nim-mistral,topic_fronted vs emphasis_shift,8.117603164529998,84.92123484611511
b_02,nim-qwen,base vs topic_fronted,15.65330829441297,84.36978459358215
b_02,nim-qwen,base vs emphasis_shift,18.393700203082155,87.65448331832886
b_02,nim-qwen,topic_fronted vs emphasis_shift,13.794314941242792,84.47160720825195
b_03,nim-llama,base vs topic_fronted,10.57071109862438,77.2811770439148
b_03,nim-llama,base vs emphasis_shift,28.071845130882625,84.01864171028137
b_03,nim-llama,topic_fronted vs emphasis_shift,12.795260282425144,78.86796593666077
b_03,nim-mistral,base vs topic_fronted,18.83119306929782,87.47639656066895
b_03,nim-mistral,base vs emphasis_shift,3.6216431864230425,78.61499190330505
b_03,nim-mistral,topic_fronted vs emphasis_shift,3.159695402759168,77.6388943195343
b_03,nim-qwen,base vs topic_fronted,28.793968481368392,86.09410524368286
b_03,nim-qwen,base vs emphasis_shift,28.161174987527307,86.49227023124695
b_03,nim-qwen,topic_fronted vs emphasis_shift,40.31728365896272,89.95746970176697
b_04,nim-llama,base vs topic_fronted,11.729803266778566,79.48147654533386
b_04,nim-llama,base vs emphasis_shift,16.258188986428376,79.0433943271637
b_04,nim-llama,topic_fronted vs emphasis_shift,15.360860981868502,80.13859391212463
b_04,nim-mistral,base vs topic_fronted,13.880471204452652,86.05538606643677
b_04,nim-mistral,base vs emphasis_shift,5.240718684821555,87.02248334884644
b_04,nim-mistral,topic_fronted vs emphasis_shift,3.794536357902364,85.18556952476501
b_04,nim-qwen,base vs topic_fronted,27.845478414292423,86.15360856056213
b_04,nim-qwen,base vs emphasis_shift,5.1652468332223025,82.19048380851746
b_04,nim-qwen,topic_fronted vs emphasis_shift,6.406233461695698,82.25685954093933
b_05,nim-llama,base vs topic_fronted,19.457645419602198,80.91933727264404
b_05,nim-llama,base vs emphasis_shift,14.1205570156546,80.76428771018982
b_05,nim-llama,topic_fronted vs emphasis_shift,8.660568908348887,80.47087788581848
b_05,nim-mistral,base vs topic_fronted,28.07310521583877,90.13702869415283
b_05,nim-mistral,base vs emphasis_shift,20.316638893699157,88.40503096580505
b_05,nim-mistral,topic_fronted vs emphasis_shift,21.455612523404717,88.38348388671875
b_05,nim-qwen,base vs topic_fronted,23.52208377373291,87.78044581413269
b_05,nim-qwen,base vs emphasis_shift,21.271589359158245,87.65380382537842
b_05,nim-qwen,topic_fronted vs emphasis_shift,26.840418855218676,88.59199285507202
b_06,nim-llama,base vs topic_fronted,24.086216417740612,82.3769211769104
b_06,nim-llama,base vs emphasis_shift,12.941885862743785,78.97312641143799
b_06,nim-llama,topic_fronted vs emphasis_shift,12.312178371950885,77.09746956825256
b_06,nim-mistral,base vs topic_fronted,14.707020026804262,84.80780124664307
b_06,nim-mistral,base vs emphasis_shift,11.717260023753582,85.87417006492615
b_06,nim-mistral,topic_fronted vs emphasis_shift,8.672987157705775,83.82218480110168
b_06,nim-qwen,base vs topic_fronted,28.500501883760474,87.69325017929077
b_06,nim-qwen,base vs emphasis_shift,7.780513532121398,83.53750705718994
b_06,nim-qwen,topic_fronted vs emphasis_shift,9.079359105681725,82.62981176376343
b_07,nim-llama,base vs topic_fronted,1.7214850183477282,75.49770474433899
b_07,nim-llama,base vs emphasis_shift,1.3833338355138007,68.88989210128784
b_07,nim-llama,topic_fronted vs emphasis_shift,9.864092495284064,79.08358573913574
b_07,nim-mistral,base vs topic_fronted,15.468752114877866,84.96144413948059
b_07,nim-mistral,base vs emphasis_shift,11.506149180837461,84.22790765762329
b_07,nim-mistral,topic_fronted vs emphasis_shift,2.85028416123258,81.87341094017029
b_07,nim-qwen,base vs topic_fronted,4.943031252196991,72.28322625160217
b_07,nim-qwen,base vs emphasis_shift,5.086309351888801,75.2143383026123
b_07,nim-qwen,topic_fronted vs emphasis_shift,20.001206295358962,83.80259275436401
b_08,nim-llama,base vs topic_fronted,2.6727082828034217,69.17625665664673
b_08,nim-llama,base vs emphasis_shift,6.6537500222901595,77.54378914833069
b_08,nim-llama,topic_fronted vs emphasis_shift,0.9272533543018895,69.0453290939331
b_08,nim-mistral,base vs topic_fronted,2.4002411331563622,83.03552865982056
b_08,nim-mistral,base vs emphasis_shift,9.882487515062037,86.66368126869202
b_08,nim-mistral,topic_fronted vs emphasis_shift,1.8855997493255736,81.68357610702515
b_08,nim-qwen,base vs topic_fronted,17.189671747994655,85.1138174533844
b_08,nim-qwen,base vs emphasis_shift,15.56301447641156,84.50325131416321
b_08,nim-qwen,topic_fronted vs emphasis_shift,23.688865646390838,87.74163722991943
b_09,nim-llama,base vs topic_fronted,16.277272042662197,75.58281421661377
b_09,nim-llama,base vs emphasis_shift,20.83657946520985,77.9574990272522
b_09,nim-llama,topic_fronted vs emphasis_shift,15.854142179190012,72.37284779548645
b_09,nim-mistral,base vs topic_fronted,15.007199056716352,85.93528270721436
b_09,nim-mistral,base vs emphasis_shift,10.751924096585755,85.4833722114563
b_09,nim-mistral,topic_fronted vs emphasis_shift,23.01144083623752,85.9301745891571
b_09,nim-qwen,base vs topic_fronted,6.448031904818547,84.29252505302429
b_09,nim-qwen,base vs emphasis_shift,10.410331844250278,85.55834889411926
b_09,nim-qwen,topic_fronted vs emphasis_shift,21.7692071962887,86.36384010314941
b_10,nim-llama,base vs topic_fronted,17.805409472750547,78.1903088092804
b_10,nim-llama,base vs emphasis_shift,16.9855041047079,76.49804949760437
b_10,nim-llama,topic_fronted vs emphasis_shift,23.661205425516226,79.85043525695801
b_10,nim-mistral,base vs topic_fronted,6.571842279233717,85.77060103416443
b_10,nim-mistral,base vs emphasis_shift,5.357561555781412,84.06963348388672
b_10,nim-mistral,topic_fronted vs emphasis_shift,12.557070821671019,85.84322929382324
b_10,nim-qwen,base vs topic_fronted,39.94196097842459,88.81210088729858
b_10,nim-qwen,base vs emphasis_shift,10.910103389840298,84.10118818283081
b_10,nim-qwen,topic_fronted vs emphasis_shift,11.720205005350984,83.99248123168945
b_11,nim-llama,base vs topic_fronted,6.442511763433251,75.67191123962402
b_11,nim-llama,base vs emphasis_shift,4.068386304165446,74.02974367141724
b_11,nim-llama,topic_fronted vs emphasis_shift,26.277477455419877,84.84836220741272
b_11,nim-mistral,base vs topic_fronted,8.436795325778752,86.27927899360657
b_11,nim-mistral,base vs emphasis_shift,8.131953804504338,83.81621241569519
b_11,nim-mistral,topic_fronted vs emphasis_shift,13.555789883859804,84.88869667053223
b_11,nim-qwen,base vs topic_fronted,26.20662384415547,87.60066628456116
b_11,nim-qwen,base vs emphasis_shift,33.24418416354081,87.73872256278992
b_11,nim-qwen,topic_fronted vs emphasis_shift,23.87119310199909,89.19760584831238
b_12,nim-llama,base vs topic_fronted,7.72415136605824,73.05585145950317
b_12,nim-llama,base vs emphasis_shift,12.558136071806214,76.50446891784668
b_12,nim-llama,topic_fronted vs emphasis_shift,8.35961700652042,72.00756072998047
b_12,nim-mistral,base vs topic_fronted,1.8693980552368394,78.8874864578247
b_12,nim-mistral,base vs emphasis_shift,5.739752718181551,80.24568557739258
b_12,nim-mistral,topic_fronted vs emphasis_shift,1.1741991494493496,77.85893678665161
b_12,nim-qwen,base vs topic_fronted,0.012973955222356186,70.2915906906128
b_12,nim-qwen,base vs emphasis_shift,9.651103898407941,80.47176003456116
b_12,nim-qwen,topic_fronted vs emphasis_shift,0.4934440980139028,72.51085042953491
b_13,nim-llama,base vs topic_fronted,5.6461489518266115,65.229731798172
b_13,nim-llama,base vs emphasis_shift,9.749138406066521,75.54903030395508
b_13,nim-llama,topic_fronted vs emphasis_shift,6.0621968770360795,65.20758271217346
b_13,nim-mistral,base vs topic_fronted,9.069664794976754,82.40177631378174
b_13,nim-mistral,base vs emphasis_shift,5.271485464814982,80.42250871658325
b_13,nim-mistral,topic_fronted vs emphasis_shift,3.6578875834974434,77.72783041000366
b_13,nim-qwen,base vs topic_fronted,17.48204359224087,86.17228865623474
b_13,nim-qwen,base vs emphasis_shift,0.010956307932833633,69.23069357872009
b_13,nim-qwen,topic_fronted vs emphasis_shift,0.01408347793831842,69.06349658966064
b_14,nim-llama,base vs topic_fronted,7.045851968191384,67.32930541038513
b_14,nim-llama,base vs emphasis_shift,13.782610627762065,76.94119215011597
b_14,nim-llama,topic_fronted vs emphasis_shift,5.926721092544601,64.18753862380981
b_14,nim-mistral,base vs topic_fronted,3.601902429656609,81.16881251335144
b_14,nim-mistral,base vs emphasis_shift,1.9982749022814532,81.11540675163269
b_14,nim-mistral,topic_fronted vs emphasis_shift,1.4914725972248726,81.52045607566833
b_14,nim-qwen,base vs topic_fronted,10.76099615793131,81.71150088310242
b_14,nim-qwen,base vs emphasis_shift,1.8444563117979638,77.32459902763367
b_14,nim-qwen,topic_fronted vs emphasis_shift,3.496422099120346,79.50197458267212
b_15,nim-llama,base vs topic_fronted,3.187831344711046,73.74830842018127
b_15,nim-llama,base vs emphasis_shift,3.9942366649490277,75.82230567932129
b_15,nim-llama,topic_fronted vs emphasis_shift,3.223526392959489,74.070143699646
b_15,nim-mistral,base vs topic_fronted,2.9887272089039776,80.97246289253235
b_15,nim-mistral,base vs emphasis_shift,5.697374620150542,82.50054121017456
b_15,nim-mistral,topic_fronted vs emphasis_shift,1.0929028537453715,81.84207081794739
b_15,nim-qwen,base vs topic_fronted,1.5739931195766717,80.55384159088135
b_15,nim-qwen,base vs emphasis_shift,18.021313515799612,83.20003747940063
b_15,nim-qwen,topic_fronted vs emphasis_shift,4.450614173671324,80.23155927658081
b_16,nim-llama,base vs topic_fronted,4.076511381889313,76.50488018989563
b_16,nim-llama,base vs emphasis_shift,5.641986625458126,75.89587569236755
b_16,nim-llama,topic_fronted vs emphasis_shift,15.22423734496077,80.88127970695496
b_16,nim-mistral,base vs topic_fronted,7.891026927420482,84.45171117782593
b_16,nim-mistral,base vs emphasis_shift,5.647362834565483,81.4637303352356
b_16,nim-mistral,topic_fronted vs emphasis_shift,3.255368265747197,82.44262933731079
b_16,nim-qwen,base vs topic_fronted,0.4292570956593752,78.87765169143677
b_16,nim-qwen,base vs emphasis_shift,19.636737085268557,85.1749062538147
b_16,nim-qwen,topic_fronted vs emphasis_shift,1.0535798342502591,78.51179242134094
